,date,code,type,hold_vol,hold_days
0,Initial,600031.XSHG,STOCK,100000,0
1,Initial,000906.XSHG,INDEX,50000,2
2,Initial,600519.XSHG,STOCK,0,0
3,Initial,603288.XSHG,STOCK,0,0
4,Initial,600276.XSHG,STOCK,0,0
5,Initial,600436.XSHG,STOCK,0,0
6,20190102,600031.XSHG,STOCK,100000,1
7,20190102,000906.XSHG,INDEX,50000,3
8,20190103,600031.XSHG,STOCK,100000,2
9,20190103,000906.XSHG,INDEX,50000,4
10,20190104,600031.XSHG,STOCK,100000,3
11,20190104,000906.XSHG,INDEX,50000,5
12,20190107,600031.XSHG,STOCK,100000,4
13,20190107,000906.XSHG,INDEX,50000,6
14,20190108,600031.XSHG,STOCK,100000,5
15,20190108,600519.XSHG,STOCK,165200,0
16,20190108,600436.XSHG,STOCK,100,0
17,20190108,000906.XSHG,INDEX,50000,7
18,20190109,600031.XSHG,STOCK,100000,6
19,20190109,600519.XSHG,STOCK,165200,1
20,20190109,600436.XSHG,STOCK,100,1
21,20190109,000906.XSHG,INDEX,50000,8
22,20190110,600031.XSHG,STOCK,100000,7
23,20190110,600519.XSHG,STOCK,165200,2
24,20190110,600436.XSHG,STOCK,100,2
25,20190110,000906.XSHG,INDEX,50000,9
26,20190111,600031.XSHG,STOCK,100000,8
27,20190111,600519.XSHG,STOCK,165200,3
28,20190111,600436.XSHG,STOCK,100,3
29,20190111,000906.XSHG,INDEX,50000,10
30,20190114,600031.XSHG,STOCK,100000,9
31,20190114,600519.XSHG,STOCK,165200,4
32,20190114,000906.XSHG,INDEX,50000,11
33,20190115,600031.XSHG,STOCK,100000,10
34,20190115,600519.XSHG,STOCK,165200,5
35,20190115,000906.XSHG,INDEX,50000,12
36,20190116,600031.XSHG,STOCK,100000,11
37,20190116,600519.XSHG,STOCK,165200,6
38,20190116,000906.XSHG,INDEX,50000,13
39,20190117,600031.XSHG,STOCK,100000,12
40,20190117,600519.XSHG,STOCK,165200,7
41,20190117,000906.XSHG,INDEX,50000,14
42,20190118,600031.XSHG,STOCK,100000,13
43,20190118,600519.XSHG,STOCK,165200,8
44,20190118,000906.XSHG,INDEX,50000,15
45,20190121,600031.XSHG,STOCK,100000,14
46,20190121,600519.XSHG,STOCK,165200,9
47,20190121,000906.XSHG,INDEX,50000,16
48,20190122,600031.XSHG,STOCK,100000,15
49,20190122,600519.XSHG,STOCK,165200,10
50,20190122,000906.XSHG,INDEX,50000,17
51,20190123,600031.XSHG,STOCK,100000,16
52,20190123,600519.XSHG,STOCK,165200,11
53,20190123,000906.XSHG,INDEX,50000,18
54,20190124,600031.XSHG,STOCK,100000,17
55,20190124,600519.XSHG,STOCK,165200,12
56,20190124,000906.XSHG,INDEX,50000,19
57,20190125,600031.XSHG,STOCK,100000,18
58,20190125,600519.XSHG,STOCK,165200,13
59,20190125,600436.XSHG,STOCK,100,0
60,20190125,000906.XSHG,INDEX,50000,20
61,20190128,600031.XSHG,STOCK,100000,19
62,20190128,600519.XSHG,STOCK,165200,14
63,20190128,600436.XSHG,STOCK,100,1
64,20190128,000906.XSHG,INDEX,50000,21
65,20190129,600031.XSHG,STOCK,100000,20
66,20190129,600519.XSHG,STOCK,165200,15
67,20190129,600436.XSHG,STOCK,100,2
68,20190129,000906.XSHG,INDEX,50000,22
69,20190130,600031.XSHG,STOCK,100000,21
70,20190130,600519.XSHG,STOCK,165200,16
71,20190130,600436.XSHG,STOCK,100,3
72,20190130,000906.XSHG,INDEX,50000,23
73,20190131,600031.XSHG,STOCK,100000,22
74,20190131,600519.XSHG,STOCK,165200,17
75,20190131,600436.XSHG,STOCK,100,4
76,20190131,000906.XSHG,INDEX,50000,24
77,20190201,600031.XSHG,STOCK,100000,23
78,20190201,600519.XSHG,STOCK,165200,18
79,20190201,600436.XSHG,STOCK,100,5
80,20190201,000906.XSHG,INDEX,50000,25
81,20190211,600031.XSHG,STOCK,100000,24
82,20190211,600519.XSHG,STOCK,165200,19
83,20190211,600436.XSHG,STOCK,100,6
84,20190211,000906.XSHG,INDEX,50000,26
85,20190212,600031.XSHG,STOCK,100000,25
86,20190212,600519.XSHG,STOCK,165200,20
87,20190212,600436.XSHG,STOCK,100,7
88,20190212,000906.XSHG,INDEX,50000,27
89,20190213,600031.XSHG,STOCK,100000,26
90,20190213,600519.XSHG,STOCK,165200,21
91,20190213,600436.XSHG,STOCK,100,8
92,20190213,000906.XSHG,INDEX,50000,28
93,20190214,600031.XSHG,STOCK,100000,27
94,20190214,600519.XSHG,STOCK,165200,22
95,20190214,600436.XSHG,STOCK,100,9
96,20190214,000906.XSHG,INDEX,50000,29
97,20190215,600031.XSHG,STOCK,100000,28
98,20190215,600519.XSHG,STOCK,165200,23
99,20190215,600436.XSHG,STOCK,100,10
100,20190215,000906.XSHG,INDEX,50000,30
101,20190218,600031.XSHG,STOCK,100000,29
102,20190218,600519.XSHG,STOCK,165200,24
103,20190218,600436.XSHG,STOCK,100,11
104,20190218,000906.XSHG,INDEX,50000,31
105,20190219,600031.XSHG,STOCK,100000,30
106,20190219,600519.XSHG,STOCK,165200,25
107,20190219,600436.XSHG,STOCK,100,12
108,20190219,000906.XSHG,INDEX,50000,32
109,20190220,600031.XSHG,STOCK,100000,31
110,20190220,600519.XSHG,STOCK,165200,26
111,20190220,600436.XSHG,STOCK,100,13
112,20190220,000906.XSHG,INDEX,50000,33
113,20190221,600031.XSHG,STOCK,100000,32
114,20190221,600519.XSHG,STOCK,165200,27
115,20190221,600436.XSHG,STOCK,100,14
116,20190221,000906.XSHG,INDEX,50000,34
117,20190222,600031.XSHG,STOCK,100000,33
118,20190222,600519.XSHG,STOCK,165200,28
119,20190222,600436.XSHG,STOCK,100,15
120,20190222,000906.XSHG,INDEX,50000,35
121,20190225,600031.XSHG,STOCK,100000,34
122,20190225,600519.XSHG,STOCK,165200,29
123,20190225,600436.XSHG,STOCK,100,16
124,20190225,000906.XSHG,INDEX,50000,36
125,20190226,600031.XSHG,STOCK,100000,35
126,20190226,600519.XSHG,STOCK,165200,30
127,20190226,600436.XSHG,STOCK,100,17
128,20190226,000906.XSHG,INDEX,50000,37
129,20190227,600031.XSHG,STOCK,100000,36
130,20190227,600519.XSHG,STOCK,165200,31
131,20190227,600436.XSHG,STOCK,100,18
132,20190227,000906.XSHG,INDEX,50000,38
133,20190228,600031.XSHG,STOCK,100000,37
134,20190228,600519.XSHG,STOCK,165200,32
135,20190228,600436.XSHG,STOCK,100,19
136,20190228,000906.XSHG,INDEX,50000,39
137,20190301,600031.XSHG,STOCK,100000,38
138,20190301,600519.XSHG,STOCK,165200,33
139,20190301,600436.XSHG,STOCK,100,20
140,20190301,000906.XSHG,INDEX,50000,40
141,20190304,600031.XSHG,STOCK,100000,39
142,20190304,600519.XSHG,STOCK,165200,34
143,20190304,600436.XSHG,STOCK,100,21
144,20190304,000906.XSHG,INDEX,50000,41
145,20190305,600031.XSHG,STOCK,100000,40
146,20190305,600519.XSHG,STOCK,165200,35
147,20190305,600436.XSHG,STOCK,100,22
148,20190305,000906.XSHG,INDEX,50000,42
149,20190306,600031.XSHG,STOCK,100000,41
150,20190306,600519.XSHG,STOCK,165200,36
151,20190306,600436.XSHG,STOCK,100,23
152,20190306,000906.XSHG,INDEX,50000,43
153,20190307,600031.XSHG,STOCK,100000,42
154,20190307,600519.XSHG,STOCK,165200,37
155,20190307,600436.XSHG,STOCK,100,24
156,20190307,000906.XSHG,INDEX,50000,44
157,20190308,600031.XSHG,STOCK,100000,43
158,20190308,600519.XSHG,STOCK,165200,38
159,20190308,600436.XSHG,STOCK,100,25
160,20190308,000906.XSHG,INDEX,50000,45
161,20190311,600031.XSHG,STOCK,100000,44
162,20190311,600519.XSHG,STOCK,165200,39
163,20190311,600436.XSHG,STOCK,100,26
164,20190311,000906.XSHG,INDEX,50000,46
165,20190312,600031.XSHG,STOCK,100000,45
166,20190312,600519.XSHG,STOCK,165200,40
167,20190312,600436.XSHG,STOCK,100,27
168,20190312,000906.XSHG,INDEX,50000,47
169,20190313,600031.XSHG,STOCK,100000,46
170,20190313,600519.XSHG,STOCK,165200,41
171,20190313,600436.XSHG,STOCK,100,28
172,20190313,000906.XSHG,INDEX,50000,48
173,20190314,600031.XSHG,STOCK,100000,47
174,20190314,600519.XSHG,STOCK,165200,42
175,20190314,600436.XSHG,STOCK,100,29
176,20190314,000906.XSHG,INDEX,50000,49
177,20190315,600031.XSHG,STOCK,100000,48
178,20190315,600519.XSHG,STOCK,165200,43
179,20190315,600436.XSHG,STOCK,100,30
180,20190315,000906.XSHG,INDEX,50000,50
181,20190318,600031.XSHG,STOCK,100000,49
182,20190318,600519.XSHG,STOCK,165200,44
183,20190318,600436.XSHG,STOCK,100,31
184,20190318,000906.XSHG,INDEX,50000,51
185,20190319,600031.XSHG,STOCK,100000,50
186,20190319,600519.XSHG,STOCK,165200,45
187,20190319,600436.XSHG,STOCK,100,32
188,20190319,000906.XSHG,INDEX,50000,52
189,20190320,600031.XSHG,STOCK,100000,51
190,20190320,600519.XSHG,STOCK,165200,46
191,20190320,600436.XSHG,STOCK,100,33
192,20190320,000906.XSHG,INDEX,50000,53
193,20190321,600031.XSHG,STOCK,100000,52
194,20190321,600519.XSHG,STOCK,165200,47
195,20190321,600436.XSHG,STOCK,100,34
196,20190321,000906.XSHG,INDEX,50000,54
197,20190322,600031.XSHG,STOCK,100000,53
198,20190322,600519.XSHG,STOCK,165200,48
199,20190322,600436.XSHG,STOCK,100,35
200,20190322,000906.XSHG,INDEX,50000,55
201,20190325,600031.XSHG,STOCK,100000,54
202,20190325,600519.XSHG,STOCK,165200,49
203,20190325,600436.XSHG,STOCK,100,36
204,20190325,000906.XSHG,INDEX,50000,56
205,20190326,600031.XSHG,STOCK,100000,55
206,20190326,600519.XSHG,STOCK,165200,50
207,20190326,600436.XSHG,STOCK,100,37
208,20190326,000906.XSHG,INDEX,50000,57
209,20190327,600031.XSHG,STOCK,100000,56
210,20190327,600519.XSHG,STOCK,165200,51
211,20190327,600436.XSHG,STOCK,100,38
212,20190327,000906.XSHG,INDEX,50000,58
213,20190328,600031.XSHG,STOCK,100000,57
214,20190328,600519.XSHG,STOCK,165200,52
215,20190328,600436.XSHG,STOCK,100,39
216,20190328,000906.XSHG,INDEX,50000,59
217,20190329,600031.XSHG,STOCK,100000,58
218,20190329,600519.XSHG,STOCK,165200,53
219,20190329,600436.XSHG,STOCK,100,40
220,20190329,000906.XSHG,INDEX,50000,60
221,20190401,600031.XSHG,STOCK,100000,59
222,20190401,600519.XSHG,STOCK,165200,54
223,20190401,600436.XSHG,STOCK,100,41
224,20190401,000906.XSHG,INDEX,50000,61
225,20190402,600031.XSHG,STOCK,100000,60
226,20190402,600519.XSHG,STOCK,165200,55
227,20190402,600436.XSHG,STOCK,100,42
228,20190402,000906.XSHG,INDEX,50000,62
229,20190403,600031.XSHG,STOCK,100000,61
230,20190403,600519.XSHG,STOCK,165200,56
231,20190403,600436.XSHG,STOCK,100,43
232,20190403,000906.XSHG,INDEX,50000,63
233,20190404,600031.XSHG,STOCK,100000,62
234,20190404,600519.XSHG,STOCK,165200,57
235,20190404,600436.XSHG,STOCK,100,44
236,20190404,000906.XSHG,INDEX,50000,64
237,20190408,600031.XSHG,STOCK,100000,63
238,20190408,600519.XSHG,STOCK,165200,58
239,20190408,600436.XSHG,STOCK,100,45
240,20190408,000906.XSHG,INDEX,50000,65
241,20190409,600031.XSHG,STOCK,100000,64
242,20190409,600519.XSHG,STOCK,165200,59
243,20190409,600436.XSHG,STOCK,100,46
244,20190409,000906.XSHG,INDEX,50000,66
245,20190410,600031.XSHG,STOCK,100000,65
246,20190410,600519.XSHG,STOCK,165200,60
247,20190410,600436.XSHG,STOCK,100,47
248,20190410,000906.XSHG,INDEX,50000,67
249,20190411,600031.XSHG,STOCK,100000,66
250,20190411,600519.XSHG,STOCK,165200,61
251,20190411,600436.XSHG,STOCK,100,48
252,20190411,000906.XSHG,INDEX,50000,68
253,20190412,600031.XSHG,STOCK,100000,67
254,20190412,600519.XSHG,STOCK,165200,62
255,20190412,600436.XSHG,STOCK,100,49
256,20190412,000906.XSHG,INDEX,50000,69
257,20190415,600031.XSHG,STOCK,100000,68
258,20190415,600519.XSHG,STOCK,165200,63
259,20190415,600436.XSHG,STOCK,100,50
260,20190415,000906.XSHG,INDEX,50000,70
261,20190416,600031.XSHG,STOCK,100000,69
262,20190416,600519.XSHG,STOCK,165200,64
263,20190416,600436.XSHG,STOCK,100,51
264,20190416,000906.XSHG,INDEX,50000,71
265,20190417,600031.XSHG,STOCK,100000,70
266,20190417,600519.XSHG,STOCK,165200,65
267,20190417,600436.XSHG,STOCK,100,52
268,20190417,000906.XSHG,INDEX,50000,72
269,20190418,600031.XSHG,STOCK,100000,71
270,20190418,600519.XSHG,STOCK,165200,66
271,20190418,600436.XSHG,STOCK,100,53
272,20190418,000906.XSHG,INDEX,50000,73
273,20190419,600031.XSHG,STOCK,100000,72
274,20190419,600519.XSHG,STOCK,165200,67
275,20190419,600436.XSHG,STOCK,100,54
276,20190419,000906.XSHG,INDEX,50000,74
277,20190422,600031.XSHG,STOCK,100000,73
278,20190422,600519.XSHG,STOCK,165200,68
279,20190422,600436.XSHG,STOCK,100,55
280,20190422,000906.XSHG,INDEX,50000,75
281,20190423,600031.XSHG,STOCK,100000,74
282,20190423,600519.XSHG,STOCK,165200,69
283,20190423,600436.XSHG,STOCK,100,56
284,20190423,000906.XSHG,INDEX,50000,76
285,20190424,600031.XSHG,STOCK,100000,75
286,20190424,600519.XSHG,STOCK,165200,70
287,20190424,600436.XSHG,STOCK,100,57
288,20190424,000906.XSHG,INDEX,50000,77
289,20190425,600031.XSHG,STOCK,100000,76
290,20190425,600519.XSHG,STOCK,165200,71
291,20190425,600436.XSHG,STOCK,100,58
292,20190425,000906.XSHG,INDEX,50000,78
293,20190426,600031.XSHG,STOCK,100000,77
294,20190426,600519.XSHG,STOCK,165200,72
295,20190426,600436.XSHG,STOCK,100,59
296,20190426,000906.XSHG,INDEX,50000,79
297,20190429,600031.XSHG,STOCK,100000,78
298,20190429,600519.XSHG,STOCK,165200,73
299,20190429,600436.XSHG,STOCK,100,60
300,20190429,000906.XSHG,INDEX,50000,80
301,20190430,600519.XSHG,STOCK,165200,74
302,20190430,600436.XSHG,STOCK,100,61
303,20190430,000906.XSHG,INDEX,50000,81
304,20190506,600519.XSHG,STOCK,165200,75
305,20190506,600436.XSHG,STOCK,100,62
306,20190506,000906.XSHG,INDEX,50000,82
307,20190507,600519.XSHG,STOCK,165200,76
308,20190507,600436.XSHG,STOCK,100,63
309,20190507,000906.XSHG,INDEX,50000,83
310,20190508,600519.XSHG,STOCK,165200,77
311,20190508,600436.XSHG,STOCK,100,64
312,20190508,000906.XSHG,INDEX,50000,84
313,20190509,600519.XSHG,STOCK,165200,78
314,20190509,600436.XSHG,STOCK,100,65
315,20190509,000906.XSHG,INDEX,50000,85
316,20190510,600519.XSHG,STOCK,165200,79
317,20190510,600276.XSHG,STOCK,19200,0
318,20190510,000906.XSHG,INDEX,50000,86
319,20190513,600519.XSHG,STOCK,165200,80
320,20190513,600276.XSHG,STOCK,19200,1
321,20190513,000906.XSHG,INDEX,50000,87
322,20190514,600519.XSHG,STOCK,165200,81
323,20190514,600276.XSHG,STOCK,19200,2
324,20190514,000906.XSHG,INDEX,50000,88
325,20190515,600519.XSHG,STOCK,165200,82
326,20190515,600276.XSHG,STOCK,19200,3
327,20190515,000906.XSHG,INDEX,50000,89
328,20190516,600519.XSHG,STOCK,165200,83
329,20190516,600276.XSHG,STOCK,19200,4
330,20190516,000906.XSHG,INDEX,50000,90
331,20190517,600519.XSHG,STOCK,165200,84
332,20190517,600276.XSHG,STOCK,19200,5
333,20190517,000906.XSHG,INDEX,50000,91
334,20190520,600519.XSHG,STOCK,165200,85
335,20190520,000906.XSHG,INDEX,50000,92
336,20190521,600519.XSHG,STOCK,165200,86
337,20190521,000906.XSHG,INDEX,50000,93
338,20190522,600519.XSHG,STOCK,165200,87
339,20190522,000906.XSHG,INDEX,50000,94
340,20190523,600519.XSHG,STOCK,165200,88
341,20190523,000906.XSHG,INDEX,50000,95
342,20190524,603288.XSHG,STOCK,1561100,0
343,20190524,000906.XSHG,INDEX,50000,96
344,20190527,603288.XSHG,STOCK,1561100,1
345,20190527,000906.XSHG,INDEX,50000,97
346,20190528,603288.XSHG,STOCK,1561100,2
347,20190528,000906.XSHG,INDEX,50000,98
348,20190529,603288.XSHG,STOCK,1561100,3
349,20190529,000906.XSHG,INDEX,50000,99
350,20190530,603288.XSHG,STOCK,1561100,4
351,20190530,000906.XSHG,INDEX,50000,100
352,20190531,603288.XSHG,STOCK,1561100,5
353,20190531,000906.XSHG,INDEX,50000,101
354,20190603,603288.XSHG,STOCK,1561100,6
355,20190603,000906.XSHG,INDEX,50000,102
356,20190604,603288.XSHG,STOCK,1561100,7
357,20190604,000906.XSHG,INDEX,50000,103
358,20190605,603288.XSHG,STOCK,1561100,8
359,20190605,000906.XSHG,INDEX,50000,104
360,20190606,603288.XSHG,STOCK,1561100,9
361,20190606,000906.XSHG,INDEX,50000,105
362,20190610,603288.XSHG,STOCK,1561100,10
363,20190610,000906.XSHG,INDEX,50000,106
364,20190611,603288.XSHG,STOCK,1561100,11
365,20190611,000906.XSHG,INDEX,50000,107
366,20190612,603288.XSHG,STOCK,1561100,12
367,20190612,000906.XSHG,INDEX,50000,108
368,20190613,603288.XSHG,STOCK,1561100,13
369,20190613,000906.XSHG,INDEX,50000,109
370,20190614,603288.XSHG,STOCK,1561100,14
371,20190614,000906.XSHG,INDEX,50000,110
372,20190617,603288.XSHG,STOCK,1561100,15
373,20190617,600031.XSHG,STOCK,400,0
374,20190617,000906.XSHG,INDEX,50000,111
375,20190618,603288.XSHG,STOCK,1561100,16
376,20190618,600031.XSHG,STOCK,400,1
377,20190618,000906.XSHG,INDEX,50000,112
378,20190619,603288.XSHG,STOCK,1561100,17
379,20190619,600031.XSHG,STOCK,400,2
380,20190619,000906.XSHG,INDEX,50000,113
381,20190620,603288.XSHG,STOCK,1561100,18
382,20190620,600031.XSHG,STOCK,400,3
383,20190620,000906.XSHG,INDEX,50000,114
384,20190621,603288.XSHG,STOCK,1561100,19
385,20190621,600031.XSHG,STOCK,400,4
386,20190621,000906.XSHG,INDEX,50000,115
387,20190624,603288.XSHG,STOCK,1561100,20
388,20190624,600031.XSHG,STOCK,400,5
389,20190624,000906.XSHG,INDEX,50000,116
390,20190625,603288.XSHG,STOCK,1561100,21
391,20190625,600031.XSHG,STOCK,400,6
392,20190625,000906.XSHG,INDEX,50000,117
393,20190626,603288.XSHG,STOCK,1561100,22
394,20190626,600031.XSHG,STOCK,400,7
395,20190626,000906.XSHG,INDEX,50000,118
396,20190627,603288.XSHG,STOCK,1561100,23
397,20190627,600031.XSHG,STOCK,400,8
398,20190627,000906.XSHG,INDEX,50000,119
399,20190628,603288.XSHG,STOCK,1561100,24
400,20190628,600031.XSHG,STOCK,400,9
401,20190628,000906.XSHG,INDEX,50000,120
402,20190701,603288.XSHG,STOCK,1561100,25
403,20190701,600031.XSHG,STOCK,400,10
404,20190701,000906.XSHG,INDEX,50000,121
405,20190702,603288.XSHG,STOCK,1561100,26
406,20190702,600031.XSHG,STOCK,400,11
407,20190702,000906.XSHG,INDEX,50000,122
408,20190703,603288.XSHG,STOCK,1561100,27
409,20190703,600031.XSHG,STOCK,400,12
410,20190703,000906.XSHG,INDEX,50000,123
411,20190704,603288.XSHG,STOCK,1561100,28
412,20190704,600031.XSHG,STOCK,400,13
413,20190704,000906.XSHG,INDEX,50000,124
414,20190705,603288.XSHG,STOCK,1561100,29
415,20190705,600031.XSHG,STOCK,400,14
416,20190705,000906.XSHG,INDEX,50000,125
417,20190708,603288.XSHG,STOCK,1561100,30
418,20190708,600031.XSHG,STOCK,400,15
419,20190708,000906.XSHG,INDEX,50000,126
420,20190709,603288.XSHG,STOCK,1561100,31
421,20190709,600031.XSHG,STOCK,400,16
422,20190709,000906.XSHG,INDEX,50000,127
423,20190710,603288.XSHG,STOCK,1561100,32
424,20190710,600031.XSHG,STOCK,400,17
425,20190710,000906.XSHG,INDEX,50000,128
426,20190711,603288.XSHG,STOCK,1561100,33
427,20190711,600031.XSHG,STOCK,400,18
428,20190711,000906.XSHG,INDEX,50000,129
429,20190712,603288.XSHG,STOCK,1561100,34
430,20190712,600031.XSHG,STOCK,400,19
431,20190712,000906.XSHG,INDEX,50000,130
432,20190715,603288.XSHG,STOCK,1561100,35
433,20190715,600031.XSHG,STOCK,400,20
434,20190715,000906.XSHG,INDEX,50000,131
435,20190716,603288.XSHG,STOCK,1561100,36
436,20190716,600031.XSHG,STOCK,400,21
437,20190716,000906.XSHG,INDEX,50000,132
438,20190717,603288.XSHG,STOCK,1561100,37
439,20190717,600031.XSHG,STOCK,400,22
440,20190717,000906.XSHG,INDEX,50000,133
441,20190718,603288.XSHG,STOCK,1561100,38
442,20190718,600031.XSHG,STOCK,400,23
443,20190718,000906.XSHG,INDEX,50000,134
444,20190719,600031.XSHG,STOCK,400,24
445,20190719,600519.XSHG,STOCK,165100,0
446,20190719,000906.XSHG,INDEX,50000,135
447,20190722,600031.XSHG,STOCK,400,25
448,20190722,600519.XSHG,STOCK,165100,1
449,20190722,000906.XSHG,INDEX,50000,136
450,20190723,600031.XSHG,STOCK,400,26
451,20190723,600519.XSHG,STOCK,165100,2
452,20190723,000906.XSHG,INDEX,50000,137
453,20190724,600031.XSHG,STOCK,400,27
454,20190724,600519.XSHG,STOCK,165100,3
455,20190724,000906.XSHG,INDEX,50000,138
456,20190725,600031.XSHG,STOCK,400,28
457,20190725,600519.XSHG,STOCK,165100,4
458,20190725,000906.XSHG,INDEX,50000,139
459,20190726,600031.XSHG,STOCK,400,29
460,20190726,600519.XSHG,STOCK,165100,5
461,20190726,000906.XSHG,INDEX,50000,140
462,20190729,600031.XSHG,STOCK,400,30
463,20190729,600519.XSHG,STOCK,165100,6
464,20190729,000906.XSHG,INDEX,50000,141
465,20190730,600031.XSHG,STOCK,400,31
466,20190730,600519.XSHG,STOCK,165100,7
467,20190730,000906.XSHG,INDEX,50000,142
468,20190731,600031.XSHG,STOCK,400,32
469,20190731,600519.XSHG,STOCK,165100,8
470,20190731,000906.XSHG,INDEX,50000,143
471,20190801,600031.XSHG,STOCK,400,33
472,20190801,600519.XSHG,STOCK,165100,9
473,20190801,000906.XSHG,INDEX,50000,144
474,20190802,600031.XSHG,STOCK,400,34
475,20190802,600519.XSHG,STOCK,165100,10
476,20190802,000906.XSHG,INDEX,50000,145
477,20190805,600031.XSHG,STOCK,400,35
478,20190805,600519.XSHG,STOCK,165100,11
479,20190805,000906.XSHG,INDEX,50000,146
480,20190806,600031.XSHG,STOCK,400,36
481,20190806,000906.XSHG,INDEX,50000,147
482,20190807,600031.XSHG,STOCK,400,37
483,20190807,000906.XSHG,INDEX,50000,148
484,20190808,600031.XSHG,STOCK,400,38
485,20190808,000906.XSHG,INDEX,50000,149
486,20190809,600031.XSHG,STOCK,400,39
487,20190809,000906.XSHG,INDEX,50000,150
488,20190812,600031.XSHG,STOCK,400,40
489,20190812,000906.XSHG,INDEX,50000,151
490,20190813,600031.XSHG,STOCK,400,41
491,20190813,000906.XSHG,INDEX,50000,152
492,20190814,600031.XSHG,STOCK,400,42
493,20190814,000906.XSHG,INDEX,50000,153
494,20190815,600031.XSHG,STOCK,400,43
495,20190815,000906.XSHG,INDEX,50000,154
496,20190816,600031.XSHG,STOCK,400,44
497,20190816,000906.XSHG,INDEX,50000,155
498,20190819,600031.XSHG,STOCK,400,45
499,20190819,000906.XSHG,INDEX,50000,156
500,20190820,600031.XSHG,STOCK,400,46
501,20190820,600519.XSHG,STOCK,145700,0
502,20190820,000906.XSHG,INDEX,50000,157
503,20190821,600031.XSHG,STOCK,400,47
504,20190821,600519.XSHG,STOCK,145700,1
505,20190821,000906.XSHG,INDEX,50000,158
506,20190822,600031.XSHG,STOCK,400,48
507,20190822,600519.XSHG,STOCK,145700,2
508,20190822,000906.XSHG,INDEX,50000,159
509,20190823,600031.XSHG,STOCK,400,49
510,20190823,600519.XSHG,STOCK,145700,3
511,20190823,000906.XSHG,INDEX,50000,160
512,20190826,600031.XSHG,STOCK,400,50
513,20190826,600519.XSHG,STOCK,145700,4
514,20190826,000906.XSHG,INDEX,50000,161
515,20190827,600031.XSHG,STOCK,400,51
516,20190827,600519.XSHG,STOCK,145700,5
517,20190827,000906.XSHG,INDEX,50000,162
518,20190828,600031.XSHG,STOCK,400,52
519,20190828,600519.XSHG,STOCK,145700,6
520,20190828,000906.XSHG,INDEX,50000,163
521,20190829,600031.XSHG,STOCK,400,53
522,20190829,600519.XSHG,STOCK,145700,7
523,20190829,000906.XSHG,INDEX,50000,164
524,20190830,600519.XSHG,STOCK,145700,8
525,20190830,000906.XSHG,INDEX,50000,165
526,20190902,600519.XSHG,STOCK,145700,9
527,20190902,000906.XSHG,INDEX,50000,166
528,20190903,600519.XSHG,STOCK,145700,10
529,20190903,000906.XSHG,INDEX,50000,167
530,20190904,600519.XSHG,STOCK,145700,11
531,20190904,000906.XSHG,INDEX,50000,168
532,20190905,600519.XSHG,STOCK,145700,12
533,20190905,000906.XSHG,INDEX,50000,169
534,20190906,600519.XSHG,STOCK,145700,13
535,20190906,000906.XSHG,INDEX,50000,170
536,20190909,600519.XSHG,STOCK,145700,14
537,20190909,000906.XSHG,INDEX,50000,171
538,20190910,600519.XSHG,STOCK,145700,15
539,20190910,000906.XSHG,INDEX,50000,172
540,20190911,600519.XSHG,STOCK,145700,16
541,20190911,000906.XSHG,INDEX,50000,173
542,20190912,600519.XSHG,STOCK,145700,17
543,20190912,000906.XSHG,INDEX,50000,174
544,20190916,600519.XSHG,STOCK,145700,18
545,20190916,000906.XSHG,INDEX,50000,175
546,20190917,600519.XSHG,STOCK,145700,19
547,20190917,000906.XSHG,INDEX,50000,176
548,20190918,600519.XSHG,STOCK,145700,20
549,20190918,000906.XSHG,INDEX,50000,177
550,20190919,600519.XSHG,STOCK,145700,21
551,20190919,000906.XSHG,INDEX,50000,178
552,20190920,600519.XSHG,STOCK,145700,22
553,20190920,000906.XSHG,INDEX,50000,179
554,20190923,600519.XSHG,STOCK,145700,23
555,20190923,000906.XSHG,INDEX,50000,180
556,20190924,600519.XSHG,STOCK,145700,24
557,20190924,000906.XSHG,INDEX,50000,181
558,20190925,600519.XSHG,STOCK,145700,25
559,20190925,000906.XSHG,INDEX,50000,182
560,20190926,600519.XSHG,STOCK,145700,26
561,20190926,000906.XSHG,INDEX,50000,183
562,20190927,600519.XSHG,STOCK,145700,27
563,20190927,000906.XSHG,INDEX,50000,184
564,20190930,600519.XSHG,STOCK,145700,28
565,20190930,000906.XSHG,INDEX,50000,185
566,20191008,600519.XSHG,STOCK,145700,29
567,20191008,000906.XSHG,INDEX,50000,186
568,20191009,600519.XSHG,STOCK,145700,30
569,20191009,000906.XSHG,INDEX,50000,187
570,20191010,600519.XSHG,STOCK,145700,31
571,20191010,000906.XSHG,INDEX,50000,188
572,20191011,600519.XSHG,STOCK,145700,32
573,20191011,000906.XSHG,INDEX,50000,189
574,20191014,600519.XSHG,STOCK,145700,33
575,20191014,000906.XSHG,INDEX,50000,190
576,20191015,600519.XSHG,STOCK,145700,34
577,20191015,000906.XSHG,INDEX,50000,191
578,20191016,600519.XSHG,STOCK,145700,35
579,20191016,000906.XSHG,INDEX,50000,192
580,20191017,600519.XSHG,STOCK,145700,36
581,20191017,000906.XSHG,INDEX,50000,193
582,20191018,600519.XSHG,STOCK,145700,37
583,20191018,000906.XSHG,INDEX,50000,194
584,20191021,600519.XSHG,STOCK,145700,38
585,20191021,000906.XSHG,INDEX,50000,195
586,20191022,600519.XSHG,STOCK,145700,39
587,20191022,000906.XSHG,INDEX,50000,196
588,20191023,600519.XSHG,STOCK,145700,40
589,20191023,000906.XSHG,INDEX,50000,197
590,20191024,600519.XSHG,STOCK,145700,41
591,20191024,000906.XSHG,INDEX,50000,198
592,20191025,600519.XSHG,STOCK,145700,42
593,20191025,000906.XSHG,INDEX,50000,199
594,20191028,600519.XSHG,STOCK,145700,43
595,20191028,000906.XSHG,INDEX,50000,200
596,20191029,600519.XSHG,STOCK,145700,44
597,20191029,000906.XSHG,INDEX,50000,201
598,20191030,600519.XSHG,STOCK,145700,45
599,20191030,000906.XSHG,INDEX,50000,202
600,20191031,600519.XSHG,STOCK,145700,46
601,20191031,000906.XSHG,INDEX,50000,203
602,20191101,600519.XSHG,STOCK,145700,47
603,20191101,000906.XSHG,INDEX,50000,204
604,20191104,600519.XSHG,STOCK,145700,48
605,20191104,000906.XSHG,INDEX,50000,205
606,20191105,600519.XSHG,STOCK,145700,49
607,20191105,000906.XSHG,INDEX,50000,206
608,20191106,600519.XSHG,STOCK,145700,50
609,20191106,000906.XSHG,INDEX,50000,207
610,20191107,600519.XSHG,STOCK,145700,51
611,20191107,000906.XSHG,INDEX,50000,208
612,20191108,600519.XSHG,STOCK,145700,52
613,20191108,000906.XSHG,INDEX,50000,209
614,20191111,600519.XSHG,STOCK,145700,53
615,20191111,000906.XSHG,INDEX,50000,210
616,20191112,600519.XSHG,STOCK,145700,54
617,20191112,000906.XSHG,INDEX,50000,211
618,20191113,600519.XSHG,STOCK,145700,55
619,20191113,000906.XSHG,INDEX,50000,212
620,20191114,600519.XSHG,STOCK,145700,56
621,20191114,000906.XSHG,INDEX,50000,213
622,20191115,600519.XSHG,STOCK,145700,57
623,20191115,000906.XSHG,INDEX,50000,214
624,20191118,600519.XSHG,STOCK,145700,58
625,20191118,000906.XSHG,INDEX,50000,215
626,20191119,600519.XSHG,STOCK,145700,59
627,20191119,000906.XSHG,INDEX,50000,216
628,20191120,600519.XSHG,STOCK,145700,60
629,20191120,000906.XSHG,INDEX,50000,217
630,20191121,600519.XSHG,STOCK,145700,61
631,20191121,000906.XSHG,INDEX,50000,218
632,20191122,600519.XSHG,STOCK,145700,62
633,20191122,000906.XSHG,INDEX,50000,219
634,20191125,600519.XSHG,STOCK,145700,63
635,20191125,000906.XSHG,INDEX,50000,220
636,20191126,600519.XSHG,STOCK,145700,64
637,20191126,000906.XSHG,INDEX,50000,221
638,20191127,600519.XSHG,STOCK,145700,65
639,20191127,000906.XSHG,INDEX,50000,222
640,20191128,600519.XSHG,STOCK,145700,66
641,20191128,000906.XSHG,INDEX,50000,223
642,20191129,600519.XSHG,STOCK,145700,67
643,20191129,000906.XSHG,INDEX,50000,224
644,20191202,600519.XSHG,STOCK,145700,68
645,20191202,000906.XSHG,INDEX,50000,225
646,20191203,000906.XSHG,INDEX,50000,226
647,20191204,000906.XSHG,INDEX,50000,227
648,20191205,000906.XSHG,INDEX,50000,228
649,20191206,000906.XSHG,INDEX,50000,229
650,20191209,000906.XSHG,INDEX,50000,230
651,20191210,000906.XSHG,INDEX,50000,231
652,20191211,000906.XSHG,INDEX,50000,232
653,20191212,000906.XSHG,INDEX,50000,233
654,20191213,000906.XSHG,INDEX,50000,234
655,20191216,000906.XSHG,INDEX,50000,235
656,20191217,000906.XSHG,INDEX,50000,236
657,20191218,000906.XSHG,INDEX,50000,237
658,20191219,000906.XSHG,INDEX,50000,238
659,20191220,000906.XSHG,INDEX,50000,239
660,20191223,000906.XSHG,INDEX,50000,240
661,20191224,000906.XSHG,INDEX,50000,241
662,20191225,000906.XSHG,INDEX,50000,242
663,20191226,000906.XSHG,INDEX,50000,243
664,20191227,000906.XSHG,INDEX,50000,244
665,20191230,000906.XSHG,INDEX,50000,245
666,20191231,000906.XSHG,INDEX,50000,246
667,20200102,000906.XSHG,INDEX,50000,247
668,20200103,000906.XSHG,INDEX,50000,248
669,20200106,000906.XSHG,INDEX,50000,249
670,20200107,000906.XSHG,INDEX,50000,250
671,20200108,000906.XSHG,INDEX,50000,251
672,20200109,000906.XSHG,INDEX,50000,252
673,20200110,000906.XSHG,INDEX,50000,253
674,20200113,000906.XSHG,INDEX,50000,254
675,20200114,000906.XSHG,INDEX,50000,255
676,20200115,000906.XSHG,INDEX,50000,256
677,20200116,000906.XSHG,INDEX,50000,257
678,20200117,000906.XSHG,INDEX,50000,258
679,20200120,000906.XSHG,INDEX,50000,259
680,20200121,000906.XSHG,INDEX,50000,260
681,20200122,000906.XSHG,INDEX,50000,261
682,20200123,000906.XSHG,INDEX,50000,262
683,20200203,000906.XSHG,INDEX,50000,263
684,20200204,000906.XSHG,INDEX,50000,264
685,20200205,000906.XSHG,INDEX,50000,265
686,20200206,000906.XSHG,INDEX,50000,266
687,20200207,000906.XSHG,INDEX,50000,267
688,20200210,000906.XSHG,INDEX,50000,268
689,20200211,000906.XSHG,INDEX,50000,269
690,20200212,000906.XSHG,INDEX,50000,270
691,20200213,000906.XSHG,INDEX,50000,271
692,20200214,000906.XSHG,INDEX,50000,272
693,20200217,000906.XSHG,INDEX,50000,273
694,20200218,000906.XSHG,INDEX,50000,274
695,20200219,000906.XSHG,INDEX,50000,275
696,20200220,000906.XSHG,INDEX,50000,276
697,20200221,000906.XSHG,INDEX,50000,277
698,20200224,000906.XSHG,INDEX,50000,278
699,20200225,000906.XSHG,INDEX,50000,279
700,20200226,000906.XSHG,INDEX,50000,280
701,20200227,000906.XSHG,INDEX,50000,281
702,20200228,000906.XSHG,INDEX,50000,282
703,20200302,000906.XSHG,INDEX,50000,283
704,20200303,000906.XSHG,INDEX,50000,284
705,20200304,000906.XSHG,INDEX,50000,285
706,20200305,000906.XSHG,INDEX,50000,286
707,20200306,000906.XSHG,INDEX,50000,287
708,20200309,000906.XSHG,INDEX,50000,288
709,20200310,000906.XSHG,INDEX,50000,289
710,20200311,600519.XSHG,STOCK,140200,0
711,20200311,000906.XSHG,INDEX,50000,290
712,20200312,600519.XSHG,STOCK,140200,1
713,20200312,000906.XSHG,INDEX,50000,291
714,20200313,000906.XSHG,INDEX,50000,292
715,20200316,000906.XSHG,INDEX,50000,293
716,20200317,000906.XSHG,INDEX,50000,294
717,20200318,000906.XSHG,INDEX,50000,295
718,20200319,000906.XSHG,INDEX,50000,296
719,20200320,000906.XSHG,INDEX,50000,297
720,20200323,000906.XSHG,INDEX,50000,298
721,20200324,000906.XSHG,INDEX,50000,299
722,20200325,000906.XSHG,INDEX,50000,300
723,20200326,000906.XSHG,INDEX,50000,301
724,20200327,000906.XSHG,INDEX,50000,302
725,20200330,000906.XSHG,INDEX,50000,303
726,20200331,000906.XSHG,INDEX,50000,304
727,20200401,603288.XSHG,STOCK,1277200,0
728,20200401,000906.XSHG,INDEX,50000,305
729,20200402,603288.XSHG,STOCK,1277200,1
730,20200402,000906.XSHG,INDEX,50000,306
731,20200403,603288.XSHG,STOCK,1277200,2
732,20200403,000906.XSHG,INDEX,50000,307
733,20200407,603288.XSHG,STOCK,1277200,3
734,20200407,000906.XSHG,INDEX,50000,308
735,20200408,603288.XSHG,STOCK,1277200,4
736,20200408,000906.XSHG,INDEX,50000,309
737,20200409,603288.XSHG,STOCK,1277200,5
738,20200409,000906.XSHG,INDEX,50000,310
739,20200410,603288.XSHG,STOCK,1277200,6
740,20200410,000906.XSHG,INDEX,50000,311
741,20200413,603288.XSHG,STOCK,1277200,7
742,20200413,000906.XSHG,INDEX,50000,312
743,20200414,603288.XSHG,STOCK,1277200,8
744,20200414,000906.XSHG,INDEX,50000,313
745,20200415,603288.XSHG,STOCK,1277200,9
746,20200415,000906.XSHG,INDEX,50000,314
747,20200416,603288.XSHG,STOCK,1277200,10
748,20200416,000906.XSHG,INDEX,50000,315
749,20200417,603288.XSHG,STOCK,1277200,11
750,20200417,000906.XSHG,INDEX,50000,316
751,20200420,603288.XSHG,STOCK,1277200,12
752,20200420,000906.XSHG,INDEX,50000,317
753,20200421,603288.XSHG,STOCK,1277200,13
754,20200421,000906.XSHG,INDEX,50000,318
755,20200422,603288.XSHG,STOCK,1277200,14
756,20200422,000906.XSHG,INDEX,50000,319
757,20200423,603288.XSHG,STOCK,1277200,15
758,20200423,000906.XSHG,INDEX,50000,320
759,20200424,603288.XSHG,STOCK,1277200,16
760,20200424,000906.XSHG,INDEX,50000,321
761,20200427,603288.XSHG,STOCK,1277200,17
762,20200427,000906.XSHG,INDEX,50000,322
763,20200428,603288.XSHG,STOCK,1277200,18
764,20200428,000906.XSHG,INDEX,50000,323
765,20200429,603288.XSHG,STOCK,1277200,19
766,20200429,000906.XSHG,INDEX,50000,324
767,20200430,603288.XSHG,STOCK,1277200,20
768,20200430,000906.XSHG,INDEX,50000,325
769,20200506,603288.XSHG,STOCK,1277200,21
770,20200506,000906.XSHG,INDEX,50000,326
771,20200507,603288.XSHG,STOCK,1532640,22
772,20200507,000906.XSHG,INDEX,50000,327
773,20200508,603288.XSHG,STOCK,1532640,23
774,20200508,000906.XSHG,INDEX,50000,328
775,20200511,603288.XSHG,STOCK,1532640,24
776,20200511,000906.XSHG,INDEX,50000,329
777,20200512,603288.XSHG,STOCK,1532640,25
778,20200512,000906.XSHG,INDEX,50000,330
779,20200513,603288.XSHG,STOCK,1532640,26
780,20200513,000906.XSHG,INDEX,50000,331
781,20200514,603288.XSHG,STOCK,1532640,27
782,20200514,000906.XSHG,INDEX,50000,332
783,20200515,603288.XSHG,STOCK,1532640,28
784,20200515,000906.XSHG,INDEX,50000,333
785,20200518,603288.XSHG,STOCK,1532640,29
786,20200518,000906.XSHG,INDEX,50000,334
787,20200519,603288.XSHG,STOCK,1532640,30
788,20200519,000906.XSHG,INDEX,50000,335
789,20200520,603288.XSHG,STOCK,1532640,31
790,20200520,000906.XSHG,INDEX,50000,336
791,20200521,603288.XSHG,STOCK,1532640,32
792,20200521,000906.XSHG,INDEX,50000,337
793,20200522,603288.XSHG,STOCK,1532640,33
794,20200522,000906.XSHG,INDEX,50000,338
795,20200525,603288.XSHG,STOCK,1532640,34
796,20200525,000906.XSHG,INDEX,50000,339
797,20200526,603288.XSHG,STOCK,1532640,35
798,20200526,000906.XSHG,INDEX,50000,340
799,20200527,603288.XSHG,STOCK,1532640,36
800,20200527,000906.XSHG,INDEX,50000,341
801,20200528,603288.XSHG,STOCK,1532640,37
802,20200528,000906.XSHG,INDEX,50000,342
803,20200529,603288.XSHG,STOCK,1532640,38
804,20200529,000906.XSHG,INDEX,50000,343
805,20200601,603288.XSHG,STOCK,1532640,39
806,20200601,000906.XSHG,INDEX,50000,344
807,20200602,603288.XSHG,STOCK,1532640,40
808,20200602,000906.XSHG,INDEX,50000,345
809,20200603,603288.XSHG,STOCK,1532640,41
810,20200603,000906.XSHG,INDEX,50000,346
811,20200604,603288.XSHG,STOCK,1532640,42
812,20200604,000906.XSHG,INDEX,50000,347
813,20200605,603288.XSHG,STOCK,1532640,43
814,20200605,000906.XSHG,INDEX,50000,348
815,20200608,603288.XSHG,STOCK,1532640,44
816,20200608,000906.XSHG,INDEX,50000,349
817,20200609,603288.XSHG,STOCK,1532640,45
818,20200609,000906.XSHG,INDEX,50000,350
819,20200610,603288.XSHG,STOCK,1532640,46
820,20200610,000906.XSHG,INDEX,50000,351
821,20200611,603288.XSHG,STOCK,1532640,47
822,20200611,000906.XSHG,INDEX,50000,352
823,20200612,603288.XSHG,STOCK,1532640,48
824,20200612,000906.XSHG,INDEX,50000,353
825,20200615,603288.XSHG,STOCK,1532640,49
826,20200615,000906.XSHG,INDEX,50000,354
827,20200616,603288.XSHG,STOCK,1532640,50
828,20200616,000906.XSHG,INDEX,50000,355
829,20200617,603288.XSHG,STOCK,1532640,51
830,20200617,000906.XSHG,INDEX,50000,356
831,20200618,603288.XSHG,STOCK,1532640,52
832,20200618,000906.XSHG,INDEX,50000,357
833,20200619,603288.XSHG,STOCK,1532640,53
834,20200619,000906.XSHG,INDEX,50000,358
835,20200622,603288.XSHG,STOCK,1532640,54
836,20200622,000906.XSHG,INDEX,50000,359
837,20200623,603288.XSHG,STOCK,1532640,55
838,20200623,000906.XSHG,INDEX,50000,360
839,20200624,603288.XSHG,STOCK,1532640,56
840,20200624,000906.XSHG,INDEX,50000,361
841,20200629,603288.XSHG,STOCK,1532640,57
842,20200629,000906.XSHG,INDEX,50000,362
843,20200630,603288.XSHG,STOCK,1532640,58
844,20200630,000906.XSHG,INDEX,50000,363
